CLASS,CLASS_CODE,COMM_CODE,NAME,SECTOR,SRG,COMM_STRUCTURE,longitude,latitude,location
Residential,1,YKV,YORKVILLE,SOUTH,DEVELOPING,BUILDING OUT,-114.076647581736,50.8704034468757,"(50.870403446876, -114.076647581736)"
Residential,1,WWO,WOLF WILLOW,SOUTH,DEVELOPING,BUILDING OUT,-114.008636787791,50.8707242991201,"(50.87072429912, -114.008636787791)"
Residential,1,WSP,WEST SPRINGS,WEST,DEVELOPING,BUILDING OUT,-114.206168318752,51.0597323984505,"(51.059732398451, -114.206168318752)"
Residential,1,WOO,WOODLANDS,SOUTH,BUILT-OUT,1980s/1990s,-114.106339454003,50.9428758824735,"(50.942875882474, -114.106339454003)"
Residential,1,WND,WINDSOR PARK,CENTRE,BUILT-OUT,1950s,-114.083549507337,51.0050404653601,"(51.00504046536, -114.083549507337)"
Residential,1,WLD,WILDWOOD,WEST,BUILT-OUT,1950s,-114.158521596925,51.058251224809,"(51.058251224809, -114.158521596925)"
Residential,1,WIN,WINSTON HEIGHTS/MOUNTVIEW,CENTRE,BUILT-OUT,1950s,-114.041857226664,51.0753238479606,"(51.075323847961, -114.041857226664)"
Residential,1,WIL,WILLOW PARK,SOUTH,BUILT-OUT,1960s/1970s,-114.05620363151,50.9566229284871,"(50.956622928487, -114.05620363151)"
Residential,1,WHL,WEST HILLHURST,CENTRE,BUILT-OUT,INNER CITY,-114.115158801259,51.0550595605234,"(51.055059560523, -114.115158801259)"
Residential,1,WHI,WHITEHORN,NORTHEAST,BUILT-OUT,1960s/1970s,-113.970068183473,51.0887740801425,"(51.088774080143, -113.970068183473)"
Residential,1,WGT,WESTGATE,WEST,BUILT-OUT,1950s,-114.15845717807,51.044160236555,"(51.044160236555, -114.15845717807)"
Industrial,2,WES,WESTWINDS,NORTHEAST,N/A,EMPLOYMENT,-113.97004175929,51.1033842687943,"(51.103384268794, -113.97004175929)"
Residential,1,WBN,WOODBINE,SOUTH,BUILT-OUT,1980s/1990s,-114.129615282327,50.941347635935,"(50.941347635935, -114.129615282327)"
Residential,1,WAL,WALDEN,SOUTH,DEVELOPING,BUILDING OUT,-114.032588132238,50.870404086764,"(50.870404086764, -114.032588132238)"
Residential,1,VIS,VISTA HEIGHTS,NORTHEAST,BUILT-OUT,1960s/1970s,-114.017726334613,51.0719330799521,"(51.071933079952, -114.017726334613)"
Residential,1,VAR,VARSITY,NORTHWEST,BUILT-OUT,1960s/1970s,-114.162615960222,51.0960092616932,"(51.096009261693, -114.162615960222)"
Residential,1,VAL,VALLEY RIDGE,WEST,BUILT-OUT,2000s,-114.251162702292,51.0953673669805,"(51.095367366981, -114.251162702292)"
Industrial,2,VAF,VALLEYFIELD,EAST,N/A,EMPLOYMENT,-113.998342059113,51.0114168988591,"(51.011416898859, -113.998342059113)"
Residential,1,UOC,UNIVERSITY OF CALGARY,NORTHWEST,BUILT-OUT,OTHER,-114.129916783917,51.0750124064486,"(51.075012406449, -114.129916783917)"
Residential,1,UNI,UNIVERSITY HEIGHTS,NORTHWEST,BUILT-OUT,1960s/1970s,-114.13308105929,51.0703934254769,"(51.070393425477, -114.13308105929)"
Residential,1,UND,UNIVERSITY DISTRICT,NORTHWEST,BUILT-OUT,OTHER,-114.144949350384,51.0738574233315,"(51.073857423332, -114.144949350384)"
Residential,1,UMR,UPPER MOUNT ROYAL,CENTRE,BUILT-OUT,INNER CITY,-114.08502085016,51.0299727403518,"(51.029972740352, -114.08502085016)"
Residential,1,TUX,TUXEDO PARK,CENTRE,BUILT-OUT,INNER CITY,-114.061043204102,51.0742452665166,"(51.074245266517, -114.061043204102)"
Residential,1,TUS,TUSCANY,NORTHWEST,BUILT-OUT,2000s,-114.24083757895,51.1219158894765,"(51.121915889477, -114.24083757895)"
Residential,1,THO,THORNCLIFFE,NORTH,BUILT-OUT,1950s,-114.068776977212,51.103099775816,"(51.103099775816, -114.068776977212)"
Residential,1,TEM,TEMPLE,NORTHEAST,BUILT-OUT,1960s/1970s,-113.946767730631,51.0887951436987,"(51.088795143699, -113.946767730631)"
Residential,1,TAR,TARADALE,NORTHEAST,DEVELOPING,2000s,-113.934002032237,51.1179408168819,"(51.117940816882, -113.934002032237)"
Residential,1,SVO,SILVERADO,SOUTH,DEVELOPING,BUILDING OUT,-114.071945078916,50.8850755825183,"(50.885075582518, -114.071945078916)"
Industrial,2,SUN,SUNRIDGE,NORTHEAST,N/A,EMPLOYMENT,-113.991701505722,51.0742233501057,"(51.074223350106, -113.991701505722)"
Residential,1,STR,STRATHCONA PARK,WEST,BUILT-OUT,1980s/1990s,-114.177555126009,51.0473883546299,"(51.04738835463, -114.177555126009)"
Industrial,2,STD,STARFIELD,EAST,N/A,EMPLOYMENT,-113.940036042649,51.0014380011196,"(51.00143800112, -113.940036042649)"
Residential,1,STA,ST. ANDREWS HEIGHTS,CENTRE,BUILT-OUT,1950s,-114.12741807028,51.0639063597495,"(51.06390635975, -114.12741807028)"
Industrial,2,ST4,STONEY 4,NORTHEAST,N/A,EMPLOYMENT,-114.002761577716,51.1762044869324,"(51.176204486932, -114.002761577716)"
Industrial,2,ST3,STONEY 3,NORTHEAST,N/A,EMPLOYMENT,-113.97583888588,51.1470328356804,"(51.14703283568, -113.97583888588)"
Industrial,2,ST2,STONEY 2,NORTHEAST,N/A,EMPLOYMENT,-114.017218448542,51.1433867646185,"(51.143386764619, -114.017218448542)"
Industrial,2,ST1,STONEY 1,NORTH,N/A,EMPLOYMENT,-114.024717033534,51.1611837974109,"(51.161183797411, -114.024717033534)"
Residential,1,SSW,SCARBORO/ SUNALTA WEST,CENTRE,BUILT-OUT,1950s,-114.114863752224,51.0421957148363,"(51.042195714836, -114.114863752224)"
Residential,1,SSD,SUNNYSIDE,CENTRE,BUILT-OUT,INNER CITY,-114.079016652198,51.0564194112469,"(51.056419411247, -114.079016652198)"
Industrial,2,SRI,SADDLE RIDGE INDUSTRIAL,NORTHEAST,N/A,EMPLOYMENT,-113.975728752312,51.1251895987234,"(51.125189598723, -113.975728752312)"
Residential,1,SPR,SPRUCE CLIFF,WEST,BUILT-OUT,1950s,-114.136468233901,51.0481976609441,"(51.048197660944, -114.136468233901)"
Residential,1,SPH,SPRINGBANK HILL,WEST,DEVELOPING,BUILDING OUT,-114.208453682797,51.0268351489005,"(51.026835148901, -114.208453682797)"
Residential,1,SOW,SOUTHWOOD,SOUTH,BUILT-OUT,1960s/1970s,-114.083175500369,50.9577732584852,"(50.957773258485, -114.083175500369)"
Residential,1,SOV,SOUTHVIEW,EAST,BUILT-OUT,1950s,-113.997337917561,51.0341560415662,"(51.034156041566, -113.997337917561)"
Residential,1,SOM,SOMERSET,SOUTH,BUILT-OUT,1980s/1990s,-114.081313415557,50.8987079757624,"(50.898707975762, -114.081313415557)"
Residential,1,SOC,SOUTH CALGARY,CENTRE,BUILT-OUT,INNER CITY,-114.102069673205,51.0268033831299,"(51.02680338313, -114.102069673205)"
Residential,1,SNA,SUNALTA,CENTRE,BUILT-OUT,INNER CITY,-114.101455470711,51.0429561464851,"(51.042956146485, -114.101455470711)"
Industrial,2,SKW,SKYLINE WEST,NORTH,N/A,EMPLOYMENT,-114.04739944342,51.103330485119,"(51.103330485119, -114.04739944342)"
Residential,1,SKR,SKYVIEW RANCH,NORTHEAST,DEVELOPING,2000s,-113.958374584808,51.1561260801993,"(51.156126080199, -113.958374584808)"
Industrial,2,SKE,SKYLINE EAST,NORTHEAST,N/A,EMPLOYMENT,-114.038929318168,51.1001501391307,"(51.100150139131, -114.038929318168)"
Residential,1,SIL,SILVER SPRINGS,NORTHWEST,BUILT-OUT,1960s/1970s,-114.194980321539,51.1077596615611,"(51.107759661561, -114.194980321539)"
Residential,1,SIG,SIGNAL HILL,WEST,BUILT-OUT,1980s/1990s,-114.179236846785,51.0228705914035,"(51.022870591404, -114.179236846785)"
Residential,1,SHW,SHERWOOD,NORTH,DEVELOPING,2000s,-114.153160234152,51.1602533298699,"(51.16025332987, -114.153160234152)"
Residential,1,SHS,SHAWNEE SLOPES,SOUTH,BUILT-OUT,1980s/1990s,-114.085812843716,50.926190747057,"(50.926190747057, -114.085812843716)"
Residential,1,SHN,SHAWNESSY,SOUTH,BUILT-OUT,1980s/1990s,-114.073756408287,50.9033101621815,"(50.903310162182, -114.073756408287)"
Industrial,2,SHI,SHEPARD INDUSTRIAL,SOUTHEAST,N/A,EMPLOYMENT,-113.992775343778,50.9614795590613,"(50.961479559061, -113.992775343778)"
Residential,1,SHG,SHAGANAPPI,CENTRE,BUILT-OUT,1950s,-114.126652830721,51.0452107844216,"(51.045210784422, -114.126652830721)"
Industrial,2,SGL,STONEGATE LANDING,NORTHEAST,N/A,EMPLOYMENT,-113.986681709732,51.1644703850525,"(51.164470385053, -113.986681709732)"
Residential,1,SGH,SAGE HILL,NORTH,DEVELOPING,BUILDING OUT,-114.140761747741,51.1756903428418,"(51.175690342842, -114.140761747741)"
Industrial,2,SFH,SOUTH FOOTHILLS,SOUTHEAST,N/A,EMPLOYMENT,-113.97364524411,50.971272325266,"(50.971272325266, -113.97364524411)"
Residential,1,SET,SETON,SOUTHEAST,DEVELOPING,BUILDING OUT,-113.947448012477,50.8737001025221,"(50.873700102522, -113.947448012477)"
Residential,1,SDC,SUNDANCE,SOUTH,BUILT-OUT,1980s/1990s,-114.042046360446,50.9015559700303,"(50.90155597003, -114.042046360446)"
Residential,1,SCE,SCENIC ACRES,NORTHWEST,BUILT-OUT,,-114.217278698422,51.1126837143103,"(51.11268371431, -114.217278698422)"
Residential,1,SCA,SCARBORO,CENTRE,BUILT-OUT,INNER CITY,-114.107153533341,51.0407246104935,"(51.040724610494, -114.107153533341)"
Industrial,2,SAW,SOUTH AIRWAYS,NORTHEAST,N/A,EMPLOYMENT,-114.017844177814,51.0782336395937,"(51.078233639594, -114.017844177814)"
Residential,1,SAN,SANDSTONE VALLEY,NORTH,BUILT-OUT,1980s/1990s,-114.094956055337,51.1377367559846,"(51.137736755985, -114.094956055337)"
Residential,1,SAD,SADDLE RIDGE,NORTHEAST,DEVELOPING,2000s,-113.94562255923,51.1305800978341,"(51.130580097834, -113.94562255923)"
Industrial,2,S23,SECTION 23,SOUTHEAST,N/A,EMPLOYMENT,-113.947803071297,50.970941560827,"(50.970941560827, -113.947803071297)"
Industrial,2,RYV,ROYAL VISTA,NORTHWEST,N/A,EMPLOYMENT,-114.204164541394,51.1494743570312,"(51.149474357031, -114.204164541394)"
Residential,1,RVW,RANGEVIEW,SOUTHEAST,DEVELOPING,BUILDING OUT,-113.923716806794,50.8741293416615,"(50.874129341662, -113.923716806794)"
Residential,1,RUT,RUTLAND PARK,WEST,BUILT-OUT,1950s,-114.133543618281,51.021879896159,"(51.021879896159, -114.133543618281)"
Residential,1,RUN,RUNDLE,NORTHEAST,BUILT-OUT,1960s/1970s,-113.970058115068,51.0742405593869,"(51.074240559387, -113.970058115068)"
Residential,1,RSN,REDSTONE,NORTHEAST,DEVELOPING,BUILDING OUT,-113.95779546827,51.1704466164031,"(51.170446616403, -113.95779546827)"
Residential,1,ROY,ROYAL OAK,NORTHWEST,BUILT-OUT,2000s,-114.21990093236,51.1427175422075,"(51.142717542208, -114.21990093236)"
Residential,1,ROX,ROXBORO,CENTRE,BUILT-OUT,INNER CITY,-114.067629621076,51.0263449077441,"(51.026344907744, -114.067629621076)"
Residential,1,ROC,ROCKY RIDGE,NORTHWEST,DEVELOPING,BUILDING OUT,-114.245897507005,51.1465043029558,"(51.146504302956, -114.245897507005)"
Residential,1,RMT,ROSEMONT,CENTRE,BUILT-OUT,1950s,-114.089777105022,51.0775736614249,"(51.077573661425, -114.089777105022)"
Residential,1,RIV,RIVERBEND,SOUTHEAST,BUILT-OUT,1980s/1990s,-114.017896671543,50.9759782785127,"(50.975978278513, -114.017896671543)"
Residential,1,RID,RIDEAU PARK,CENTRE,BUILT-OUT,INNER CITY,-114.074158498928,51.0249984844182,"(51.024998484418, -114.074158498928)"
Residential,1,RIC,RICHMOND,CENTRE,BUILT-OUT,1950s,-114.118424395975,51.0297054442091,"(51.029705444209, -114.118424395975)"
Residential,1,REN,RENFREW,CENTRE,BUILT-OUT,INNER CITY,-114.039176276588,51.0596565528643,"(51.059656552864, -114.039176276588)"
Residential,1,RED,RED CARPET,EAST,BUILT-OUT,1960s/1970s,-113.938770113808,51.0425164073865,"(51.042516407387, -113.938770113808)"
Residential,1,RDL,ROSEDALE,CENTRE,BUILT-OUT,INNER CITY,-114.078200174859,51.0627116883973,"(51.062711688397, -114.078200174859)"
Residential,1,RCK,ROSSCARROCK,WEST,BUILT-OUT,1950s,-114.145495161078,51.0432802381009,"(51.043280238101, -114.145495161078)"
Residential,1,RAN,RANCHLANDS,NORTHWEST,BUILT-OUT,1960s/1970s,-114.183600822859,51.119162901014,"(51.119162901014, -114.183600822859)"
Residential,1,RAM,RAMSAY,CENTRE,BUILT-OUT,INNER CITY,-114.043829088034,51.0359622669298,"(51.03596226693, -114.043829088034)"
Residential,1,QPK,QUEENS PARK VILLAGE,CENTRE,BUILT-OUT,1950s,-114.07760880425,51.0851466790916,"(51.085146679092, -114.07760880425)"
Residential,1,QLD,QUEENSLAND,SOUTH,BUILT-OUT,1960s/1970s,-114.023018943816,50.9385160826569,"(50.938516082657, -114.023018943816)"
Residential,1,PUM,PUMP HILL,SOUTH,BUILT-OUT,1960s/1970s,-114.100800545943,50.966833097297,"(50.966833097297, -114.100800545943)"
Residential,1,POI,POINT MCKAY,CENTRE,BUILT-OUT,1960s/1970s,-114.146143071106,51.0595403923942,"(51.059540392394, -114.146143071106)"
Residential,1,PKL,PARKLAND,SOUTH,BUILT-OUT,1960s/1970s,-114.03129001165,50.9233988887666,"(50.923398888767, -114.03129001165)"
Residential,1,PKH,PARKHILL,CENTRE,BUILT-OUT,1950s,-114.065552361144,51.0181807199335,"(51.018180719934, -114.065552361144)"
Residential,1,PKD,PARKDALE,CENTRE,BUILT-OUT,1950s,-114.138460527928,51.0599995066055,"(51.059999506606, -114.138460527928)"
Residential,1,PIN,PINERIDGE,NORTHEAST,BUILT-OUT,1960s/1970s,-113.946764963673,51.0742601108999,"(51.0742601109, -113.946764963673)"
Residential,1,PEN,PENBROOKE MEADOWS,EAST,BUILT-OUT,1960s/1970s,-113.947521923773,51.0458629621281,"(51.045862962128, -113.947521923773)"
Industrial,2,PEG,PEGASUS,NORTHEAST,N/A,EMPLOYMENT,-114.006498048466,51.0944793772707,"(51.094479377271, -114.006498048466)"
Residential,1,PCK,PINE CREEK,SOUTH,DEVELOPING,BUILDING OUT,-114.06787924015,50.8562627270357,"(50.856262727036, -114.06787924015)"
Residential,1,PAT,PATTERSON,WEST,BUILT-OUT,1980s/1990s,-114.177046508603,51.0638377508215,"(51.063837750822, -114.177046508603)"
Residential,1,PAN,PANORAMA HILLS,NORTH,DEVELOPING,BUILDING OUT,-114.08806596268,51.1597128161622,"(51.159712816162, -114.08806596268)"
Residential,1,PAL,PALLISER,SOUTH,BUILT-OUT,1960s/1970s,-114.112150942618,50.9667679932935,"(50.966767993294, -114.112150942618)"
Industrial,2,OSH,OGDEN SHOPS,EAST,N/A,EMPLOYMENT,-114.00067643567,50.9968299619885,"(50.996829961989, -114.00067643567)"
Residential,1,OGD,OGDEN,SOUTHEAST,BUILT-OUT,1950s,-114.011974110929,50.989331497906,"(50.989331497906, -114.011974110929)"
Residential,1,OAK,OAKRIDGE,SOUTH,BUILT-OUT,1960s/1970s,-114.12960912993,50.9697391639021,"(50.969739163902, -114.12960912993)"
Major Park,3,NPK,NOSE HILL PARK,NORTHWEST,N/A,PARKS,-114.111586533219,51.112488687563,"(51.112488687563, -114.111586533219)"
Residential,1,NOL,NOLAN HILL,NORTH,DEVELOPING,BUILDING OUT,-114.163858380502,51.1754947953119,"(51.175494795312, -114.163858380502)"
Residential,1,NHV,NORTH HAVEN,NORTH,BUILT-OUT,1960s/1970s,-114.087941023986,51.0970046689823,"(51.097004668982, -114.087941023986)"
Residential,1,NHU,NORTH HAVEN UPPER,NORTH,BUILT-OUT,1960s/1970s,-114.087062763774,51.1032163514553,"(51.103216351455, -114.087062763774)"
Residential,1,NGM,NORTH GLENMORE PARK,WEST,BUILT-OUT,1950s,-114.112246337634,51.0014223871043,"(51.001422387104, -114.112246337634)"
Residential,1,NEB,NEW BRIGHTON,SOUTHEAST,DEVELOPING,BUILDING OUT,-113.945245965549,50.9220475522194,"(50.922047552219, -113.945245965549)"
Industrial,2,NAW,NORTH AIRWAYS,NORTHEAST,N/A,EMPLOYMENT,-114.010879790182,51.0871402801524,"(51.087140280152, -114.010879790182)"
Residential,1,MRT,MARTINDALE,NORTHEAST,BUILT-OUT,1980s/1990s,-113.958387056721,51.1179108265045,"(51.117910826505, -113.958387056721)"
Residential,1,MRL,MARLBOROUGH,NORTHEAST,BUILT-OUT,1960s/1970s,-113.969987699922,51.0595459680695,"(51.05954596807, -113.969987699922)"
Residential,1,MPL,MAPLE RIDGE,SOUTH,BUILT-OUT,1960s/1970s,-114.034676279795,50.9576388103996,"(50.9576388104, -114.034676279795)"
Residential,1,MPK,MARLBOROUGH PARK,NORTHEAST,BUILT-OUT,1960s/1970s,-113.94671807457,51.0596961458062,"(51.059696145806, -113.94671807457)"
Residential,1,MOR,MONTEREY PARK,NORTHEAST,BUILT-OUT,2000s,-113.926871436595,51.081459900409,"(51.081459900409, -113.926871436595)"
Residential,1,MOP,MOUNT PLEASANT,CENTRE,BUILT-OUT,INNER CITY,-114.076700772875,51.0742412336192,"(51.074241233619, -114.076700772875)"
Residential,1,MON,MONTGOMERY,NORTHWEST,BUILT-OUT,1950s,-114.162261375791,51.0710992820493,"(51.071099282049, -114.162261375791)"
Industrial,2,MNI,MANCHESTER INDUSTRIAL,CENTRE,N/A,EMPLOYMENT,-114.057268867313,51.0132631373253,"(51.013263137325, -114.057268867313)"
Residential,1,MLR,MILLRISE,SOUTH,BUILT-OUT,1980s/1990s,-114.084906537361,50.9170446421221,"(50.917044642122, -114.084906537361)"
Industrial,2,MLI,MAYLAND,NORTHEAST,N/A,EMPLOYMENT,-114.010296484868,51.0523937443308,"(51.052393744331, -114.010296484868)"
Residential,1,MIS,MISSION,CENTRE,BUILT-OUT,INNER CITY,-114.066321693987,51.0310903237998,"(51.0310903238, -114.066321693987)"
Residential,1,MID,MIDNAPORE,SOUTH,BUILT-OUT,1960s/1970s,-114.055721632387,50.9139069919427,"(50.913906991943, -114.055721632387)"
Industrial,2,MER,MERIDIAN,NORTHEAST,N/A,EMPLOYMENT,-113.996512939974,51.056586672185,"(51.056586672185, -113.996512939974)"
Residential,1,MEA,MEADOWLARK PARK,CENTRE,BUILT-OUT,1950s,-114.077355437713,50.9978331189624,"(50.997833118962, -114.077355437713)"
Residential,1,MDH,MEDICINE HILL,WEST,BUILT-OUT,2000s,-114.200053267025,51.0792910779606,"(51.079291077961, -114.200053267025)"
Residential,1,MCT,MCKENZIE TOWNE,SOUTHEAST,DEVELOPING,BUILDING OUT,-113.96147703565,50.9171357418281,"(50.917135741828, -113.96147703565)"
Residential,1,MCK,MCKENZIE LAKE,SOUTHEAST,BUILT-OUT,1980s/1990s,-113.988177442487,50.9148809594027,"(50.914880959403, -113.988177442487)"
Industrial,2,MCI,MCCALL,NORTHEAST,N/A,EMPLOYMENT,-114.027096264764,51.0889975113016,"(51.088997511302, -114.027096264764)"
Residential,1,MAN,MANCHESTER,CENTRE,BUILT-OUT,EMPLOYMENT,-114.066643188843,51.0062353881821,"(51.006235388182, -114.066643188843)"
Residential,1,MAL,MAYLAND HEIGHTS,NORTHEAST,BUILT-OUT,1960s/1970s,-114.013324464719,51.060827539283,"(51.060827539283, -114.013324464719)"
Residential,1,MAH,MAHOGANY,SOUTHEAST,DEVELOPING,BUILDING OUT,-113.924527905871,50.8959550399888,"(50.895955039989, -113.924527905871)"
Residential,1,MAF,MAYFAIR,CENTRE,BUILT-OUT,1950s,-114.088959076983,50.9958040850628,"(50.995804085063, -114.088959076983)"
Residential,1,MAC,MACEWAN GLEN,NORTH,BUILT-OUT,1980s/1990s,-114.115227027017,51.1377195777681,"(51.137719577768, -114.115227027017)"
Residential,1,LPK,LINCOLN PARK,WEST,BUILT-OUT,1950s,-114.129822732435,51.0100946930727,"(51.010094693073, -114.129822732435)"
Residential,1,LMR,LOWER MOUNT ROYAL,CENTRE,BUILT-OUT,INNER CITY,-114.08650004594,51.0364833936673,"(51.036483393667, -114.08650004594)"
Residential,1,LKV,LAKEVIEW,WEST,BUILT-OUT,1960s/1970s,-114.129634105238,50.9997806571053,"(50.999780657105, -114.129634105238)"
Residential,1,LKB,LAKE BONAVISTA,SOUTH,BUILT-OUT,1960s/1970s,-114.051323090444,50.9398121009244,"(50.939812100924, -114.051323090444)"
Residential,1,LIV,LIVINGSTON,NORTH,DEVELOPING,BUILDING OUT,-114.065501684769,51.1855651086554,"(51.185565108655, -114.065501684769)"
Residential,1,LEG,LEGACY,SOUTH,DEVELOPING,BUILDING OUT,-114.005999006031,50.8576170329455,"(50.857617032946, -114.005999006031)"
Residential,1,KSH,KEYSTONE HILLS,NORTH,DEVELOPING,BUILDING OUT,-114.026377993256,51.1795592507165,"(51.179559250717, -114.026377993256)"
Residential,1,KIN,KINGSLAND,SOUTH,BUILT-OUT,1950s,-114.077357546197,50.9868894118689,"(50.986889411869, -114.077357546197)"
Residential,1,KIL,KILLARNEY/GLENGARRY,CENTRE,BUILT-OUT,1950s,-114.1317137492,51.0315480348834,"(51.031548034883, -114.1317137492)"
Residential,1,KEL,KELVIN GROVE,SOUTH,BUILT-OUT,1960s/1970s,-114.089257993106,50.9898195965421,"(50.989819596542, -114.089257993106)"
Residential,1,KCA,KINCORA,NORTH,DEVELOPING,2000s,-114.133970781784,51.1602850386741,"(51.160285038674, -114.133970781784)"
Residential,1,ING,INGLEWOOD,CENTRE,BUILT-OUT,INNER CITY,-114.022850289695,51.0372709081066,"(51.037270908107, -114.022850289695)"
Residential,1,HUN,HUNTINGTON HILLS,NORTH,BUILT-OUT,1960s/1970s,-114.066701147221,51.1175839084205,"(51.117583908421, -114.066701147221)"
Residential,1,HSN,HASKAYNE,NORTHWEST,DEVELOPING,BUILDING OUT,-114.286631687736,51.1169434798511,"(51.116943479851, -114.286631687736)"
Residential,1,HSD,HOMESTEAD,NORTHEAST,DEVELOPING,BUILDING OUT,-113.916498482126,51.1216297968617,"(51.121629796862, -113.916498482126)"
Residential,1,HPK,HIGHLAND PARK,CENTRE,BUILT-OUT,1950s,-114.062066898001,51.0880232734306,"(51.088023273431, -114.062066898001)"
Residential,1,HOU,HOUNSFIELD HEIGHTS/BRIAR HILL,CENTRE,BUILT-OUT,1950s,-114.105730241375,51.0632029346957,"(51.063202934696, -114.105730241375)"
Industrial,2,HOR,HORIZON,NORTHEAST,N/A,EMPLOYMENT,-113.991698149454,51.0887646703435,"(51.088764670344, -113.991698149454)"
Residential,1,HKS,HOTCHKISS,SOUTHEAST,DEVELOPING,2000s,-113.89633107986,50.9142175194029,"(50.914217519403, -113.89633107986)"
Residential,1,HIW,HIGHWOOD,CENTRE,BUILT-OUT,1950s,-114.079905386226,51.0923544731058,"(51.092354473106, -114.079905386226)"
Residential,1,HIL,HILLHURST,CENTRE,BUILT-OUT,INNER CITY,-114.093660929671,51.0572681493377,"(51.057268149338, -114.093660929671)"
Industrial,2,HIF,HIGHFIELD,CENTRE,N/A,EMPLOYMENT,-114.037208519419,51.0182968576421,"(51.018296857642, -114.037208519419)"
Residential,1,HID,HIDDEN VALLEY,NORTH,BUILT-OUT,1980s/1990s,-114.119598830601,51.1519170345778,"(51.151917034578, -114.119598830601)"
Residential,1,HAY,HAYSBORO,SOUTH,BUILT-OUT,1950s,-114.083350934546,50.9722169266415,"(50.972216926642, -114.083350934546)"
Residential,1,HAW,HAWKWOOD,NORTHWEST,BUILT-OUT,1980s/1990s,-114.175620495809,51.1309717848102,"(51.13097178481, -114.175620495809)"
Residential,1,HAR,HARVEST HILLS,NORTH,BUILT-OUT,1980s/1990s,-114.052778917711,51.1476757387929,"(51.147675738793, -114.052778917711)"
Residential,1,HAM,HAMPTONS,NORTHWEST,BUILT-OUT,2000s,-114.146737206735,51.145106386475,"(51.145106386475, -114.146737206735)"
Industrial,2,GTI,GOLDEN TRIANGLE,EAST,N/A,EMPLOYMENT,-113.987569183055,51.0115139605163,"(51.011513960516, -113.987569183055)"
Residential,1,GRV,GREENVIEW,CENTRE,BUILT-OUT,1960s/1970s,-114.057466114825,51.0948559537504,"(51.09485595375, -114.057466114825)"
Industrial,2,GRI,GREENVIEW INDUSTRIAL PARK,CENTRE,N/A,EMPLOYMENT,-114.047038224839,51.0887774496914,"(51.088777449691, -114.047038224839)"
Residential,1,GRE,GREENWOOD/GREENBRIAR,NORTHWEST,BUILT-OUT,1960s/1970s,-114.222858521853,51.0899715360962,"(51.089971536096, -114.222858521853)"
Major Park,3,GPK,GLENMORE PARK,SOUTH,N/A,PARKS,-114.131535599359,50.9904556913229,"(50.990455691323, -114.131535599359)"
Industrial,2,GPI,GREAT PLAINS,EAST,N/A,EMPLOYMENT,-113.93993754574,50.986916921611,"(50.986916921611, -113.93993754574)"
Residential,1,GLA,GLAMORGAN,WEST,BUILT-OUT,1950s,-114.152862528799,51.0155133915799,"(51.01551339158, -114.152862528799)"
Residential,1,GDL,GLENDALE,WEST,BUILT-OUT,1950s,-114.152740180516,51.0333792139614,"(51.033379213961, -114.152740180516)"
Industrial,2,GBP,GLENDEER BUSINESS PARK,SOUTH,N/A,EMPLOYMENT,-114.03029314161,50.9890064907777,"(50.989006490778, -114.03029314161)"
Residential,1,GBK,GLENBROOK,WEST,BUILT-OUT,1950s,-114.152686333477,51.0242164000599,"(51.02421640006, -114.152686333477)"
Residential,1,GAW,GARRISON WOODS,CENTRE,BUILT-OUT,INNER CITY,-114.113619309711,51.0171879990812,"(51.017187999081, -114.113619309711)"
Residential,1,GAG,GARRISON GREEN,WEST,BUILT-OUT,BUILDING OUT,-114.124738716252,51.0030865679957,"(51.003086567996, -114.124738716252)"
Industrial,2,FVI,FAIRVIEW INDUSTRIAL,SOUTH,N/A,EMPLOYMENT,-114.068827602176,50.9869133954786,"(50.986913395479, -114.068827602176)"
Industrial,2,FRA,FRANKLIN,NORTHEAST,N/A,EMPLOYMENT,-113.987524692553,51.0589272896889,"(51.058927289689, -113.987524692553)"
Major Park,3,FPK,FISH CREEK PARK,SOUTH,N/A,PARKS,-114.026520925834,50.9096020442377,"(50.909602044238, -114.026520925834)"
Residential,1,FLN,FOREST LAWN,EAST,BUILT-OUT,1950s,-113.969932540436,51.037846220404,"(51.037846220404, -113.969932540436)"
Industrial,2,FLI,FOREST LAWN INDUSTRIAL,EAST,N/A,EMPLOYMENT,-113.956971806436,51.0271133162516,"(51.027113316252, -113.956971806436)"
Residential,1,FHT,FOREST HEIGHTS,EAST,BUILT-OUT,1960s/1970s,-113.96877273425,51.0492381704163,"(51.049238170416, -113.96877273425)"
Industrial,2,FHI,FOOTHILLS,EAST,N/A,EMPLOYMENT,-113.981981981634,50.9941660901203,"(50.99416609012, -113.981981981634)"
Residential,1,FAL,FALCONRIDGE,NORTHEAST,BUILT-OUT,1980s/1990s,-113.946709148585,51.1032993760716,"(51.103299376072, -113.946709148585)"
Residential,1,FAI,FAIRVIEW,SOUTH,BUILT-OUT,1950s,-114.060794071197,50.9851491339648,"(50.985149133965, -114.060794071197)"
Residential,1,EYA,ELBOYA,CENTRE,BUILT-OUT,1950s,-114.073623214314,51.0129928117009,"(51.012992811701, -114.073623214314)"
Residential,1,EVN,EVANSTON,NORTH,DEVELOPING,BUILDING OUT,-114.112452815941,51.1711806369904,"(51.17118063699, -114.112452815941)"
Residential,1,EVE,EVERGREEN,SOUTH,DEVELOPING,BUILDING OUT,-114.115316324128,50.9186997881711,"(50.918699788171, -114.115316324128)"
Industrial,2,ESH,EAST SHEPARD INDUSTRIAL,SOUTHEAST,N/A,EMPLOYMENT,-113.950956527149,50.9512517797125,"(50.951251779713, -113.950956527149)"
Residential,1,ERL,ERLTON,CENTRE,BUILT-OUT,INNER CITY,-114.06314254064,51.0263287010198,"(51.02632870102, -114.06314254064)"
Residential,1,ERI,ERIN WOODS,EAST,BUILT-OUT,1980s/1990s,-113.967605811053,51.0210504695618,"(51.021050469562, -113.967605811053)"
Residential,1,EPK,ELBOW PARK,CENTRE,BUILT-OUT,INNER CITY,-114.083843633682,51.0213638515377,"(51.021363851538, -114.083843633682)"
Industrial,2,EFV,EAST FAIRVIEW INDUSTRIAL,SOUTH,N/A,EMPLOYMENT,-114.037242873328,50.9848171894709,"(50.984817189471, -114.037242873328)"
Industrial,2,EFI,EASTFIELD,EAST,N/A,EMPLOYMENT,-113.970072884527,51.0119378079744,"(51.011937807974, -113.970072884527)"
Residential,1,EDG,EDGEMONT,NORTHWEST,BUILT-OUT,1980s/1990s,-114.143942746418,51.1245771244116,"(51.124577124412, -114.143942746418)"
Residential,1,EAU,EAU CLAIRE,CENTRE,BUILT-OUT,CENTRE CITY,-114.072822640965,51.0536090450565,"(51.053609045057, -114.072822640965)"
Residential,1,EAG,EAGLE RIDGE,SOUTH,BUILT-OUT,1960s/1970s,-114.099301846756,50.9850813331361,"(50.985081333136, -114.099301846756)"
Residential,1,DRN,DEER RUN,SOUTH,BUILT-OUT,1980s/1990s,-114.009088593916,50.9254084299019,"(50.925408429902, -114.009088593916)"
Residential,1,DRG,DEER RIDGE,SOUTH,BUILT-OUT,1980s/1990s,-114.020232535947,50.9265726885564,"(50.926572688556, -114.020232535947)"
Residential,1,DOV,DOVER,EAST,BUILT-OUT,1960s/1970s,-113.993150756215,51.0224653928558,"(51.022465392856, -113.993150756215)"
Residential,1,DNW,DOWNTOWN WEST END,CENTRE,BUILT-OUT,CENTRE CITY,-114.08778794454,51.0479662403057,"(51.047966240306, -114.08778794454)"
Residential,1,DNE,DOWNTOWN EAST VILLAGE,CENTRE,BUILT-OUT,CENTRE CITY,-114.050817003339,51.0470648172488,"(51.047064817249, -114.050817003339)"
Residential,1,DNC,DOWNTOWN COMMERCIAL CORE,CENTRE,BUILT-OUT,CENTRE CITY,-114.069590268745,51.0472701323622,"(51.047270132362, -114.069590268745)"
Residential,1,DIS,DISCOVERY RIDGE,WEST,BUILT-OUT,2000s,-114.216582665462,51.0154823351313,"(51.015482335131, -114.216582665462)"
Residential,1,DIA,DIAMOND COVE,SOUTH,BUILT-OUT,1980s/1990s,-114.022443909977,50.945804511264,"(50.945804511264, -114.022443909977)"
Residential,1,DDG,DOUGLASDALE/GLEN,SOUTHEAST,BUILT-OUT,1980s/1990s,-114.01190542301,50.9484454788227,"(50.948445478823, -114.01190542301)"
Industrial,2,DBC,DEERFOOT BUSINESS CENTRE,NORTHEAST,N/A,EMPLOYMENT,-114.038327343989,51.1121013773157,"(51.112101377316, -114.038327343989)"
Residential,1,DAL,DALHOUSIE,NORTHWEST,BUILT-OUT,1960s/1970s,-114.158162252921,51.1094140181559,"(51.109414018156, -114.158162252921)"
Residential,1,CUR,CURRIE BARRACKS,WEST,BUILT-OUT,BUILDING OUT,-114.124762705196,51.0158442259295,"(51.01584422593, -114.124762705196)"
Residential,1,CSC,CITYSCAPE,NORTHEAST,DEVELOPING,BUILDING OUT,-113.958380685236,51.1470298150927,"(51.147029815093, -113.958380685236)"
Residential,1,CRM,CRESTMONT,WEST,BUILT-OUT,2000s,-114.260486359725,51.0850577418705,"(51.085057741871, -114.260486359725)"
Residential,1,CRE,CRESCENT HEIGHTS,CENTRE,BUILT-OUT,INNER CITY,-114.061612367113,51.0595200500043,"(51.059520050004, -114.061612367113)"
Residential,1,CRA,CRANSTON,SOUTHEAST,DEVELOPING,BUILDING OUT,-113.979988807808,50.8782053378332,"(50.878205337833, -113.979988807808)"
Residential,1,CPF,COPPERFIELD,SOUTHEAST,DEVELOPING,BUILDING OUT,-113.929446212339,50.9178103481776,"(50.917810348178, -113.929446212339)"
Residential,1,COV,COVENTRY HILLS,NORTH,BUILT-OUT,2000s,-114.053148526228,51.1649029942561,"(51.164902994256, -114.053148526228)"
Residential,1,COU,COUNTRY HILLS,NORTH,BUILT-OUT,1980s/1990s,-114.079884606984,51.143768799819,"(51.143768799819, -114.079884606984)"
Residential,1,COR,CORAL SPRINGS,NORTHEAST,BUILT-OUT,2000s,-113.926827208057,51.1033529120262,"(51.103352912026, -113.926827208057)"
Major Park,3,COP,CANADA OLYMPIC PARK,WEST,N/A,OTHER,-114.217425649557,51.0807868680859,"(51.080786868086, -114.217425649557)"
Residential,1,COL,COLLINGWOOD,NORTHWEST,BUILT-OUT,1950s,-114.102486971698,51.084441846302,"(51.084441846302, -114.102486971698)"
Residential,1,COA,COACH HILL,WEST,BUILT-OUT,1980s/1990s,-114.182941190979,51.0583457755974,"(51.058345775597, -114.182941190979)"
Residential,1,CNS,CORNERSTONE,NORTHEAST,DEVELOPING,2000s,-113.930582035357,51.1573690704188,"(51.157369070419, -113.930582035357)"
Residential,1,CLI,CLIFF BUNGALOW,CENTRE,BUILT-OUT,INNER CITY,-114.074890819558,51.0339299216613,"(51.033929921661, -114.074890819558)"
Residential,1,CIT,CITADEL,NORTHWEST,BUILT-OUT,1980s/1990s,-114.183838665806,51.1445109474745,"(51.144510947475, -114.183838665806)"
Industrial,2,CIA,CALGARY INTERNATIONAL AIRPORT,NORTHEAST,N/A,OTHER,-114.012352682222,51.1168560467163,"(51.116856046716, -114.012352682222)"
Residential,1,CHW,CHARLESWOOD,NORTHWEST,BUILT-OUT,1950s,-114.117863526239,51.0845616114242,"(51.084561611424, -114.117863526239)"
Residential,1,CHV,COUNTRY HILLS VILLAGE,NORTH,BUILT-OUT,2000s,-114.061395187667,51.1582040072855,"(51.158204007286, -114.061395187667)"
Residential,1,CHR,CHRISTIE PARK,WEST,BUILT-OUT,1980s/1990s,-114.175900760572,51.0408432321824,"(51.040843232182, -114.175900760572)"
Residential,1,CHN,CHINATOWN,CENTRE,BUILT-OUT,CENTRE CITY,-114.062532463084,51.0508587163953,"(51.050858716395, -114.062532463084)"
Residential,1,CHK,CHINOOK PARK,SOUTH,BUILT-OUT,1950s,-114.088993443376,50.9832502583946,"(50.983250258395, -114.088993443376)"
Residential,1,CHA,CHAPARRAL,SOUTH,DEVELOPING,BUILDING OUT,-114.025647775936,50.8846016151615,"(50.884601615162, -114.025647775936)"
Residential,1,CGR,COUGAR RIDGE,WEST,DEVELOPING,2000s,-114.209087306223,51.0718727383868,"(51.071872738387, -114.209087306223)"
Residential,1,CED,CEDARBRAE,SOUTH,BUILT-OUT,1960s/1970s,-114.129616092282,50.9571546156814,"(50.957154615681, -114.129616092282)"
Residential,1,CAS,CASTLERIDGE,NORTHEAST,BUILT-OUT,1980s/1990s,-113.961029784231,51.1052573727413,"(51.105257372741, -113.961029784231)"
Residential,1,CAR,CARRINGTON,NORTH,DEVELOPING,BUILDING OUT,-114.081732750781,51.1788723237602,"(51.17887232376, -114.081732750781)"
Residential,1,CAP,CAPITOL HILL,CENTRE,BUILT-OUT,1950s,-114.094650000997,51.0726662451056,"(51.072666245106, -114.094650000997)"
Residential,1,CAN,CANYON MEADOWS,SOUTH,BUILT-OUT,1960s/1970s,-114.081585565049,50.9422523010699,"(50.94225230107, -114.081585565049)"
Residential,1,CAM,CAMBRIAN HEIGHTS,CENTRE,BUILT-OUT,1950s,-114.08709920912,51.0845938323772,"(51.084593832377, -114.08709920912)"
Residential,1,BYV,BAYVIEW,SOUTH,BUILT-OUT,1960s/1970s,-114.113971087927,50.9746364141267,"(50.974636414127, -114.113971087927)"
Residential,1,BVD,BELVEDERE,EAST,BUILT-OUT,BUILDING OUT,-113.904963849237,51.0378321726115,"(51.037832172612, -113.904963849237)"
Industrial,2,BUR,BURNS INDUSTRIAL,CENTRE,N/A,EMPLOYMENT,-114.036044447694,51.0001032080709,"(51.000103208071, -114.036044447694)"
Residential,1,BRT,BRITANNIA,CENTRE,BUILT-OUT,1950s,-114.086323863092,51.0126703785947,"(51.012670378595, -114.086323863092)"
Residential,1,BRI,BRIDLEWOOD,SOUTH,BUILT-OUT,2000s,-114.109726853844,50.899454692095,"(50.899454692095, -114.109726853844)"
Residential,1,BRE,BRENTWOOD,NORTHWEST,BUILT-OUT,1960s/1970s,-114.132463811662,51.0966539228665,"(51.096653922867, -114.132463811662)"
Residential,1,BRD,BRIDGELAND/RIVERSIDE,CENTRE,BUILT-OUT,INNER CITY,-114.035074421661,51.0505660150954,"(51.050566015095, -114.035074421661)"
Residential,1,BRA,BRAESIDE,SOUTH,BUILT-OUT,1960s/1970s,-114.106353156056,50.9559903258855,"(50.955990325886, -114.106353156056)"
Residential,1,BOW,BOWNESS,NORTHWEST,BUILT-OUT,1950s,-114.18782043675,51.0833865559077,"(51.083386555908, -114.18782043675)"
Residential,1,BNK,BANKVIEW,CENTRE,BUILT-OUT,INNER CITY,-114.10094728858,51.0341327509478,"(51.034132750948, -114.10094728858)"
Residential,1,BNF,BANFF TRAIL,CENTRE,BUILT-OUT,1950s,-114.115121173491,51.0742191596095,"(51.07421915961, -114.115121173491)"
Residential,1,BLN,BELTLINE,CENTRE,BUILT-OUT,CENTRE CITY,-114.055186108942,51.0374499480811,"(51.037449948081, -114.055186108942)"
Residential,1,BLM,BELMONT,SOUTH,DEVELOPING,BUILDING OUT,-114.055280261292,50.8687461630655,"(50.868746163066, -114.055280261292)"
Residential,1,BEL,BEL-AIRE,CENTRE,BUILT-OUT,1960s/1970s,-114.088941205395,50.9994444954144,"(50.999444495414, -114.088941205395)"
Residential,1,BED,BEDDINGTON HEIGHTS,NORTH,BUILT-OUT,1960s/1970s,-114.085021395442,51.1316328087336,"(51.131632808734, -114.085021395442)"
Residential,1,BDO,BONAVISTA DOWNS,SOUTH,BUILT-OUT,1960s/1970s,-114.031397620759,50.9437007165424,"(50.943700716542, -114.031397620759)"
Industrial,2,AYB,ALYTH/BONNYBROOK,CENTRE,N/A,EMPLOYMENT,-114.030494253279,51.0273722066907,"(51.027372206691, -114.030494253279)"
Residential,1,AUB,AUBURN BAY,SOUTHEAST,DEVELOPING,BUILDING OUT,-113.958473020664,50.8925918587373,"(50.892591858737, -113.958473020664)"
Residential,1,ASP,ASPEN WOODS,WEST,DEVELOPING,BUILDING OUT,-114.207900713863,51.0451292163211,"(51.045129216321, -114.207900713863)"
Residential,1,ARB,ARBOUR LAKE,NORTHWEST,BUILT-OUT,,-114.207593370651,51.1326243360282,"(51.132624336028, -114.207593370651)"
Residential,1,APP,APPLEWOOD PARK,EAST,BUILT-OUT,2000s,-113.92786384076,51.0449833403533,"(51.044983340353, -113.92786384076)"
Residential,1,ALT,ALTADORE,CENTRE,BUILT-OUT,INNER CITY,-114.101858876217,51.0159533190871,"(51.015953319087, -114.101858876217)"
Residential,1,ALB,ALBERT PARK/RADISSON HEIGHTS,EAST,BUILT-OUT,1950s,-113.996783813916,51.0445418776371,"(51.044541877637, -113.996783813916)"
Residential,1,ACA,ACADIA,SOUTH,BUILT-OUT,1960s/1970s,-114.05370183694,50.9724072391314,"(50.972407239131, -114.05370183694)"
Industrial,2,ABP,AURORA BUSINESS PARK,NORTH,N/A,EMPLOYMENT,-114.058475603673,51.13625649121,"(51.13625649121, -114.058475603673)"
Residential,1,ABB,ABBEYDALE,NORTHEAST,BUILT-OUT,2000s,-113.927792953149,51.0595167580388,"(51.059516758039, -113.927792953149)"
Residual Sub Area,4,13M,13M,SOUTH,N/A,UNDEVELOPED,-114.042753841451,50.8562392930895,"(50.85623929309, -114.042753841451)"
Residual Sub Area,4,13L,13L,SOUTH,N/A,UNDEVELOPED,-114.054725759004,50.8749946340277,"(50.874994634028, -114.054725759004)"
Residual Sub Area,4,13J,13J,SOUTH,N/A,UNDEVELOPED,-114.088269917311,50.8703422661158,"(50.870342266116, -114.088269917311)"
Residual Sub Area,4,13I,13I,SOUTH,N/A,UNDEVELOPED,-114.099669156411,50.8917735330975,"(50.891773533098, -114.099669156411)"
Residual Sub Area,4,13H,13H,SOUTH,N/A,UNDEVELOPED,-114.116587559035,50.8885114099612,"(50.888511409961, -114.116587559035)"
Residual Sub Area,4,13G,13G,SOUTH,N/A,UNDEVELOPED,-114.142967304373,50.8958224491203,"(50.89582244912, -114.142967304373)"
Residual Sub Area,4,13F,13F,SOUTH,N/A,UNDEVELOPED,-114.175052375402,50.8994152728027,"(50.899415272803, -114.175052375402)"
Residual Sub Area,4,13E,13E,SOUTH,N/A,UNDEVELOPED,-114.198224879597,50.8993947392447,"(50.899394739245, -114.198224879597)"
Residual Sub Area,4,13D,13D,SOUTH,N/A,UNDEVELOPED,-114.145827983166,50.914049360439,"(50.914049360439, -114.145827983166)"
Residual Sub Area,4,13C,13C,SOUTH,N/A,UNDEVELOPED,-114.174994232236,50.9141132559818,"(50.914113255982, -114.174994232236)"
Residual Sub Area,4,13B,13B,SOUTH,N/A,UNDEVELOPED,-114.136923313255,50.9228408453095,"(50.92284084531, -114.136923313255)"
Residual Sub Area,4,13A,13A,SOUTH,N/A,UNDEVELOPED,-114.198192846328,50.9141366209169,"(50.914136620917, -114.198192846328)"
Residual Sub Area,4,12L,12L,SOUTHEAST,N/A,OTHER,-113.871524593616,50.9143505071595,"(50.91435050716, -113.871524593616)"
Residual Sub Area,4,12K,12K,SOUTHEAST,N/A,UNDEVELOPED,-113.912962181675,50.9757949607479,"(50.975794960748, -113.912962181675)"
Residual Sub Area,4,12J,12J,SOUTHEAST,N/A,UNDEVELOPED,-113.883446858793,50.8835797044573,"(50.883579704457, -113.883446858793)"
Residual Sub Area,4,12I,12I,SOUTHEAST,N/A,UNDEVELOPED,-113.935972983085,50.8544350763831,"(50.854435076383, -113.935972983085)"
Residual Sub Area,4,12C,12C,SOUTHEAST,N/A,OTHER,-113.903433176841,50.9250932429312,"(50.925093242931, -113.903433176841)"
Residual Sub Area,4,12B,12B,SOUTHEAST,N/A,UNDEVELOPED,-113.898686672979,50.9392307054995,"(50.9392307055, -113.898686672979)"
Residual Sub Area,4,12A,12A,SOUTHEAST,N/A,OTHER,-113.893211618597,50.965079701498,"(50.965079701498, -113.893211618597)"
Residual Sub Area,4,10E,10E,NORTHEAST,N/A,OTHER,-113.916223323214,51.081453619944,"(51.081453619944, -113.916223323214)"
Residual Sub Area,4,10D,10D,NORTHEAST,N/A,OTHER,-113.916030387449,51.1033506447738,"(51.103350644774, -113.916030387449)"
Residual Sub Area,4,09Q,09Q,EAST,N/A,OTHER,-113.935105023909,51.023275063689,"(51.023275063689, -113.935105023909)"
Residual Sub Area,4,09P,09P,EAST,N/A,UNDEVELOPED,-113.888656690658,51.0269304258367,"(51.026930425837, -113.888656690658)"
Residual Sub Area,4,09O,09O,EAST,N/A,OTHER,-113.893027596095,51.0523104128404,"(51.05231041284, -113.893027596095)"
Residual Sub Area,4,09K,09K,EAST,N/A,UNDEVELOPED,-113.916680447221,50.9942170966566,"(50.994217096657, -113.916680447221)"
Residual Sub Area,4,09H,09H,EAST,N/A,OTHER,-114.015388907198,51.006365659347,"(51.006365659347, -114.015388907198)"
Residual Sub Area,4,09D,09D,CENTRE,N/A,OTHER,-114.012428496056,51.0118624250817,"(51.011862425082, -114.012428496056)"
Residual Sub Area,4,06C,06C,WEST,N/A,UNDEVELOPED,-114.227274827322,51.0844856702111,"(51.084485670211, -114.227274827322)"
Residual Sub Area,4,06B,06B,WEST,N/A,OTHER,-114.229503830504,51.077896204834,"(51.077896204834, -114.229503830504)"
Residual Sub Area,4,06A,06A,WEST,N/A,UNDEVELOPED,-114.229538699879,51.0588731583921,"(51.058873158392, -114.229538699879)"
Residual Sub Area,4,05G,05G,NORTHEAST,N/A,OTHER,-113.916500322111,51.1361928485583,"(51.136192848558, -113.916500322111)"
Residual Sub Area,4,05F,05F,NORTHEAST,N/A,UNDEVELOPED,-113.916493081987,51.1470352540864,"(51.147035254086, -113.916493081987)"
Residual Sub Area,4,05E,05E,NORTHEAST,N/A,UNDEVELOPED,-113.92920994203,51.1799078958973,"(51.179907895897, -113.92920994203)"
Residual Sub Area,4,05D,05D,NORTHEAST,N/A,OTHER,-113.958661838766,51.1795976464406,"(51.179597646441, -113.958661838766)"
Residual Sub Area,4,03W,03W,NORTH,N/A,OTHER,-114.025378208248,51.1979605033025,"(51.197960503303, -114.025378208248)"
Residual Sub Area,4,03D,03D,NORTH,N/A,UNDEVELOPED,-114.042252912318,51.1795217858391,"(51.179521785839, -114.042252912318)"
Residual Sub Area,4,02L,02L,NORTH,N/A,OTHER,-114.112057936139,51.1978109877162,"(51.197810987716, -114.112057936139)"
Residual Sub Area,4,02K,02K,NORTH,N/A,UNDEVELOPED,-114.18101012624,51.1905249883048,"(51.190524988305, -114.18101012624)"
Residual Sub Area,4,02F,02F,NORTHWEST,N/A,OTHER,-114.1749978698,51.1600208683691,"(51.160020868369, -114.1749978698)"
Residual Sub Area,4,02E,02E,NORTHWEST,N/A,OTHER,-114.19936200174,51.1614345289931,"(51.161434528993, -114.19936200174)"
Residual Sub Area,4,02C,02C,NORTH,N/A,UNDEVELOPED,-114.176675056574,51.1760237633938,"(51.176023763394, -114.176675056574)"
Residual Sub Area,4,02B,02B,NORTH,N/A,UNDEVELOPED,-114.199399553289,51.1760319383122,"(51.176031938312, -114.199399553289)"
Residual Sub Area,4,01K,01K,NORTHWEST,N/A,UNDEVELOPED,-114.222759319976,51.1687018914666,"(51.168701891467, -114.222759319976)"
Residual Sub Area,4,01I,01I,WEST,N/A,UNDEVELOPED,-114.260847983135,51.0801678716552,"(51.080167871655, -114.260847983135)"
Residual Sub Area,4,01H,01H,WEST,N/A,UNDEVELOPED,-114.280684840359,51.0910417093879,"(51.091041709388, -114.280684840359)"
Residual Sub Area,4,01F,01F,NORTHWEST,BUILT-OUT,2000s,-114.263365862096,51.1196185664666,"(51.119618566467, -114.263365862096)"
Residual Sub Area,4,01C,01C,WEST,N/A,OTHER,-114.238025428836,51.0850075104338,"(51.085007510434, -114.238025428836)"
Residual Sub Area,4,01B,01B,NORTHWEST,N/A,UNDEVELOPED,-114.242455310672,51.1028376289627,"(51.102837628963, -114.242455310672)"
